{"test":[],"train":[{"photo":"20170709133640071.png","title":"我爱家乡的秋夜","words":"625","content":"《我爱家乡的秋夜》\r\n家乡的秋夜素雅、幽静。我对家乡的秋夜有一种眷恋之情，我爱家乡的秋夜。\r\n家乡的秋夜像一幅美丽的水墨画。柔和的月光下，一望无际的田野是碧绿的翡翠，水稻的叶子挑起一粒粒的秋露，远远望去，好像珍珠撒在翡翠上，绿得逗你的眼，亮得闪你的目。\r\n月光慢慢地从浓密的竹林里一丝一缕地透过来，撒在细密的竹叶上，撒在亭亭玉立的竹茎上，撒在浓黑的小草上。叶的碎影、枝的碎影、茎的碎影，重叠错落，把竹的绿映照得深浅明暗，美丽极了。\r\n柿子园里的景色更是迷人。走进柿子园，枝繁叶茂的柿子树上，挂满了沉甸甸的柿子。黄澄澄的柿子，晶莹透明，令人垂涎欲滴。\r\n家乡的秋夜像一首美妙的交响曲。瑶寨的小伙子、大姑娘能歌善舞，每当夜幕降临，他们就会载歌载舞，用山歌来表达对生活的赞美，用舞蹈道出丰收的喜悦。田野里的小艺术家们也不甘示弱：蝈蝈们欢快地哼着小夜曲；蛤蟆用粗大的喉咙在弹奏大提琴；青蛙似男高音唱着那粗犷嘹亮的歌儿；蟋蟀们更是尽情地伴奏，构成了一首绝伦无比的交响曲。这声音在空旷的山野间回荡，如春蚕的咀嚼声，似清风拂过杨柳，又似草原上的野马在奔驰……\r\n夜深了，人们睡了，大山睡了，湖也睡了，只有风儿还在神采奕奕地守护着。风儿把湖面吹醒，在月光的朗照下，湖面闪动着片片银光。柳儿也不甘示弱地飞舞着，梳理着自己的秀发。在这深夜里，偶尔传来几声汽车喇叭声，那是家乡的经济命脉在流动。那响彻夜空的鸡鸣声，划破了黑夜的幕布，预示着黎明即将到来，美好的一天又开始了。","id":"1","speed":"01"}],"anima":[{"file_name":"1.png","id":"1"},{"file_name":"2.png","id":"2"},{"file_name":"3.png","id":"3"},{"file_name":"4.png","id":"4"},{"file_name":"5.png","id":"5"},{"file_name":"6.png","id":"6"},{"file_name":"7.png","id":"7"},{"file_name":"8.png","id":"8"},{"file_name":"10.png","id":"10"},{"file_name":"11.png","id":"11"},{"file_name":"12.png","id":"12"},{"file_name":"14.png","id":"14"},{"file_name":"15.png","id":"15"},{"file_name":"17.png","id":"17"},{"file_name":"18.png","id":"18"},{"file_name":"19.png","id":"19"},{"file_name":"21.png","id":"21"},{"file_name":"23.png","id":"23"},{"file_name":"24.png","id":"24"},{"file_name":"25.png","id":"25"},{"file_name":"26.png","id":"26"},{"file_name":"27.png","id":"27"},{"file_name":"29.png","id":"29"},{"file_name":"30.png","id":"30"},{"file_name":"31.png","id":"31"},{"file_name":"32.png","id":"32"},{"file_name":"33.png","id":"33"},{"file_name":"34.png","id":"34"},{"file_name":"35.png","id":"35"},{"file_name":"36.png","id":"36"},{"file_name":"37.png","id":"37"},{"file_name":"38.png","id":"38"},{"file_name":"39.png","id":"39"},{"file_name":"40.png","id":"40"},{"file_name":"41.png","id":"41"},{"file_name":"42.png","id":"42"},{"file_name":"43.png","id":"43"},{"file_name":"44.png","id":"44"},{"file_name":"45.png","id":"45"},{"file_name":"46.png","id":"46"},{"file_name":"47.png","id":"47"},{"file_name":"48.png","id":"48"},{"file_name":"49.png","id":"49"},{"file_name":"50.png","id":"50"}]}